<?xml version="1.0" encoding="UTF-8" ?>
<!DOCTYPE mapper
        PUBLIC "-//mybatis.org//DTD Mapper 3.0//EN"
        "http://mybatis.org/dtd/mybatis-3-mapper.dtd">
<mapper namespace="com.daocaowu.mappers.BookMapper">

<resultMap type="com.daocaowu.domain.Book" id="Book">
    <result property="bookid"    column="bookid"    />
    <result property="bookname"    column="bookname"    />
    <result property="bookstate"    column="bookstate"    />
    <result property="booksort"    column="booksort"    />
    <result property="description"    column="description"    />
</resultMap>

<sql id="selectBookVo">
select bookid, bookname, bookstate, booksort, description from book
</sql>

<select id="selectBookList" parameterType="String" resultMap="Book">
<include refid="selectBookVo"/>
<where>
    <if test="bookid != null  and bookid != ''"> and bookid = '${bookid}'</if>
    <if test="bookname != null  and bookname != ''"> and bookname like concat('%', #{bookname}, '%')</if>
    <if test="booksort != null  and booksort != ''"> and booksort = '${booksort}'</if>
</where>
    limit ${pageNum},${pageSize}
</select>

    <insert id="insertBook" parameterType="com.daocaowu.domain.Book">
        insert into book
        <trim prefix="(" suffix=")" suffixOverrides=",">
            <if test="bookid != null and bookid != ''">bookid,</if>
            <if test="bookname != null and bookname != ''">bookname,</if>
            <if test="bookstate != null">bookstate,</if>
            <if test="booksort != null and booksort != ''">booksort,</if>
            <if test="description != null">description,</if>
        </trim>
        <trim prefix="values (" suffix=")" suffixOverrides=",">
            <if test="bookid != null and bookid != ''">#{bookid},</if>
            <if test="bookname != null and bookname != ''">#{bookname},</if>
            <if test="bookstate != null">#{bookstate},</if>
            <if test="booksort != null and booksort != ''">#{booksort},</if>
            <if test="description != null">#{description},</if>
        </trim>
    </insert>

    <update id="updateBook" parameterType="com.daocaowu.domain.Book">
        update book
        <trim prefix="SET" suffixOverrides=",">
            <if test="bookname != null and bookname != ''">bookname = #{bookname},</if>
            <if test="bookstate != null">bookstate = #{bookstate},</if>
            <if test="booksort != null and booksort != ''">booksort = #{booksort},</if>
            <if test="description != null">description = #{description},</if>
        </trim>
        where bookid = #{bookid}
    </update>

    <delete id="deleteBookByBookid" parameterType="String">
        delete from book where bookid = #{bookid} and bookid not in (select bookid from tb_borrow)
    </delete>

</mapper>