<?xml version="1.0" encoding="UTF-8" ?>
<!DOCTYPE mapper
        PUBLIC "-//mybatis.org//DTD Mapper 3.0//EN"
        "http://mybatis.org/dtd/mybatis-3-mapper.dtd">
<mapper namespace="com.daocaowu.mappers.UserMapper">

    <update id="UpdateUserInfo" parameterType="com.daocaowu.domain.User">
        update user
        <trim prefix="SET" suffixOverrides=",">
            <if test="username != null and username != ''">username = #{username},</if>
            <if test="userrole != null">userrole = #{userrole},</if>
            <if test="age != null">age = #{age},</if>
            <if test="sex != null">sex = #{sex},</if>
            <if test="phone != null and phone != ''">phone = #{phone},</if>
            <if test="password != null and password != ''">password = #{password},</if>
        </trim>
        where userid = #{userid}
    </update>

    <insert id="insertUser" parameterType="com.daocaowu.domain.User">
        insert into user
        <trim prefix="(" suffix=")" suffixOverrides=",">
            <if test="userid != null and userid != ''">userid,</if>
            <if test="username != null and username != ''">username,</if>
            <if test="userrole != null">userrole,</if>
            <if test="age != null">age,</if>
            <if test="sex != null">sex,</if>
            <if test="phone != null and phone != ''">phone,</if>
            <if test="password != null and password != ''">password,</if>
        </trim>
        <trim prefix="values (" suffix=")" suffixOverrides=",">
            <if test="userid != null and userid != ''">#{userid},</if>
            <if test="username != null and username != ''">#{username},</if>
            <if test="userrole != null">#{userrole},</if>
            <if test="age != null">#{age},</if>
            <if test="sex != null">#{sex},</if>
            <if test="phone != null and phone != ''">#{phone},</if>
            <if test="password != null and password != ''">#{password},</if>
        </trim>
    </insert>

    <delete id="deleteUserByUserid" parameterType="String">
        delete from user where userid = #{userid} and #{userid} not in (select userid from tb_borrow)
    </delete>

    <select id="selectReaderList" resultType="com.daocaowu.domain.User">
        select * from user
        <where>
            userrole>'2'
            <if test="userid != null  and userid != ''"> and userid = '${userid}'</if>
            <if test="username != null  and username != ''"> and username like concat('%', #{username}, '%')</if>
        </where>
        limit ${pageNum},${pageSize};
    </select>

    <select id="selectManagerList" resultType="com.daocaowu.domain.User">
        select * from user
        <where>
            userrole='2'
            <if test="userid != null  and userid != ''"> and userid = '${userid}'</if>
            <if test="username != null  and username != ''"> and username like concat('%', #{username}, '%')</if>
        </where>
        limit ${pageNum},${pageSize};
    </select>

</mapper>
